<?xml version="1.0" encoding="UTF-8"?>
<!--
   - Kuali Coeus, a comprehensive research administration system for higher education.
   - 
   - Copyright 2005-2015 Kuali, Inc.
   - 
   - This program is free software: you can redistribute it and/or modify
   - it under the terms of the GNU Affero General Public License as
   - published by the Free Software Foundation, either version 3 of the
   - License, or (at your option) any later version.
   - 
   - This program is distributed in the hope that it will be useful,
   - but WITHOUT ANY WARRANTY; without even the implied warranty of
   - MERCHANTABILITY or FITNESS FOR A PARTICULAR PURPOSE.  See the
   - GNU Affero General Public License for more details.
   - 
   - You should have received a copy of the GNU Affero General Public License
   - along with this program.  If not, see <http://www.gnu.org/licenses/>.
 -->
<data xmlns="ns:workflow" xmlns:xsi="http://www.w3.org/2001/XMLSchema-instance" xsi:schemaLocation="ns:workflow resource:WorkflowData">
  <documentTypes xmlns="ns:workflow/DocumentType" xsi:schemaLocation="ns:workflow/DocumentType resource:DocumentType">
    <documentType>
      <name>IdentityManagementDocument</name>
      <parent>RiceDocument</parent>
      <label>Undefined</label>
      <active>true</active>
      <routingVersion>2</routingVersion>
    </documentType>
    <documentType>
      <name>IdentityManagementRoleDocument</name>
      <parent>IdentityManagementDocument</parent>
      <label>Role</label>
      <docHandler>${kim.url}/identityManagementRoleDocument.do?methodToCall=docHandler</docHandler>
      <active>true</active>
      <routingVersion>2</routingVersion>
      <routePaths>
        <routePath>
          <start name="AdHoc" nextNode="RoleType" />
          <role name="RoleType" />
        </routePath>
      </routePaths>
      <routeNodes>
        <start name="AdHoc" />
        <role name="RoleType">
          <qualifierResolverClass>org.kuali.rice.kim.workflow.attribute.KimTypeQualifierResolver</qualifierResolverClass>
          <activationType>P</activationType>
        </role>
      </routeNodes>
    </documentType>
    <documentType>
      <name>IdentityManagementGroupDocument</name>
      <parent>IdentityManagementDocument</parent>
      <label>Group</label>
      <docHandler>${kim.url}/identityManagementGroupDocument.do?methodToCall=docHandler</docHandler>
      <active>true</active>
      <routingVersion>2</routingVersion>
      <routePaths>
        <routePath>
          <start name="AdHoc" nextNode="GroupType" />
          <role name="GroupType" />
        </routePath>
      </routePaths>
      <routeNodes>
        <start name="AdHoc" />
        <role name="GroupType">
          <qualifierResolverClass>org.kuali.rice.kim.workflow.attribute.KimTypeQualifierResolver</qualifierResolverClass>
          <activationType>P</activationType>
        </role>
      </routeNodes>
    </documentType>
    <documentType>
      <name>IdentityManagementPersonDocument</name>
      <parent>IdentityManagementDocument</parent>
      <label>Person</label>
      <docHandler>${kim.url}/identityManagementPersonDocument.do?methodToCall=docHandler</docHandler>
      <active>true</active>
      <routingVersion>2</routingVersion>
      <routePaths>
        <routePath>
          <start name="AdHoc" nextNode="GroupType" />
          <role name="GroupType" nextNode="RoleType" />
          <role name="RoleType" />
        </routePath>
      </routePaths>
      <routeNodes>
        <start name="AdHoc" />
        <role name="GroupType">
          <qualifierResolverClass>org.kuali.rice.kim.workflow.attribute.KimTypeQualifierResolver</qualifierResolverClass>
          <activationType>P</activationType>
        </role>
        <role name="RoleType">
          <qualifierResolverClass>org.kuali.rice.kim.workflow.attribute.KimTypeQualifierResolver</qualifierResolverClass>
          <activationType>P</activationType>
        </role>
      </routeNodes>
    </documentType>
  </documentTypes>
</data>
